"xh8yej3","x1iyjqo2","x140p0ai","x78zum5","x1iyjqo2 2","x1n2onr6 src"
"default-contact-refreshed","+91 77387 30800","12/12/2025","status-dblcheck","may i know for u are looking without alcohol or with? event only or with stay? likewise i will get you the best package deal",""
"default-contact-refreshed","+91 93722 09185","12/12/2025","status-dblcheck","may i know for u are looking without alcohol or with? event only or with stay?",""
"default-contact-refreshed","+91 70665 11151","12/12/2025","status-dblcheck","may i know for u are looking without alcohol or with? event only or with stay?",""
"","+91 93266 50536","12/12/2025","status-dblcheck","River View Deluxe – ₹4000/couple
 River View Supremo Deluxe (Double Bed) – ₹7500
 Pool View Deluxe – ₹3500/couple
 Pool View Supremo Deluxe (Double Bed) – ₹6500
 Garden View Rooms – ₹4000/couple
 Family Room – ₹12000
 Wood House 1 – ₹6000 | Wood House 2 – ₹5000
 Per head ₹3500 (Includes Lunch, Hi Tea, Dinner, Next Day Breakfast)","https://media-bom2-3.cdn.whatsapp.net/v/t61.24694-24/434161574_1653248798757278_991011431438974563_n.jpg?stp=dst-jpg_s96x96_tt6&ccb=11-4&oh=01_Q5Aa3QFFGHZhBByKEIcWZwbaa-93MxJLQ5riAofmPAYB5tjYmw&oe=695FDFB7&_nc_sid=5e03e0&_nc_cat=108"
"","+91 88983 43010","12/12/2025","status-dblcheck","Photo","https://media-bom1-1.cdn.whatsapp.net/v/t61.24694-24/401592364_402826462167429_8146120010214835150_n.jpg?stp=dst-jpg_s96x96_tt6&ccb=11-4&oh=01_Q5Aa3QFEbaDVydaPQoyZrOQDKKxUsafM2q7Ld_NBMi944gh93A&oe=695FD06B&_nc_sid=5e03e0&_nc_cat=111"
"","+91 93725 63844","12/12/2025","status-dblcheck","for the Pool view (1 left out of 5","https://media-bom5-2.cdn.whatsapp.net/v/t61.24694-24/315781252_1422628211604534_5859263001143537952_n.jpg?stp=dst-jpg_s96x96_tt6&ccb=11-4&oh=01_Q5Aa3QFVIKEZQ15RfOP87YY0Suy_kVr-dtELGmKQ8hNrsl-I-A&oe=695FD124&_nc_sid=5e03e0&_nc_cat=104"
"","+91 98671 30598","12/12/2025","status-dblcheck","You will have to book riverside those only 3 left","https://media-bom5-1.cdn.whatsapp.net/v/t61.24694-24/546563506_1135817322044176_1066492496501887807_n.jpg?stp=dst-jpg_s96x96_tt6&ccb=11-4&oh=01_Q5Aa3QGQgC6Zt8htZYvkkD1RHh0yy9yKu19ggnwTKWWk1pWHfw&oe=695FF7A3&_nc_sid=5e03e0&_nc_cat=111"
"default-contact-refreshed","+91 90823 25716","12/12/2025","status-dblcheck","Yes",""
"default-contact-refreshed","+91 97020 16659","12/12/2025","status-dblcheck","Hi",""
"","Ashok Front Office","12/12/2025","","Your business is now using a secure service from Meta to manage this chat. Click to learn more.","https://media-bom1-1.cdn.whatsapp.net/v/t61.24694-24/584729104_1187463589581158_4863929719909406353_n.jpg?stp=dst-jpg_s96x96_tt6&ccb=11-4&oh=01_Q5Aa3QFPLsX5Hj4UULya8dkbOa7CYImr9aSm4ncw72_hxbkUdA&oe=695F587F&_nc_sid=5e03e0&_nc_cat=105"
"","+91 93247 01515","12/12/2025","status-dblcheck","Thank you for your message. We're busy with our bookings right now, but will respond as soon as possible.","https://media-bom5-2.cdn.whatsapp.net/v/t61.24694-24/603670789_2938548649689588_5786817353219601557_n.jpg?stp=dst-jpg_s96x96_tt6&ccb=11-4&oh=01_Q5Aa3QEi7Xt8To9z9DJVo35jh7DSs1YnmC6mnQWgwRv5bzPTEQ&oe=695FF364&_nc_sid=5e03e0&_nc_cat=103"
"","+91 98196 96881","12/12/2025","status-dblcheck","Photo","https://media-bom5-2.cdn.whatsapp.net/v/t61.24694-24/583297112_1248999207277733_3485657821439448497_n.jpg?stp=dst-jpg_s96x96_tt6&ccb=11-4&oh=01_Q5Aa3QEw4Sgr2WZdbmretnccwG8vPRMUN2pujkftuzianoBznQ&oe=695FCF19&_nc_sid=5e03e0&_nc_cat=110"
"default-contact-refreshed","+91 90820 71449","12/11/2025","status-dblcheck","Photo",""
"","+91 98921 95194","12/11/2025","status-dblcheck","Photo","https://media-bom5-1.cdn.whatsapp.net/v/t61.24694-24/484846865_640623202153914_499474454308090713_n.jpg?stp=dst-jpg_s96x96_tt6&ccb=11-4&oh=01_Q5Aa3QHYE9Msuw_zF3QAd8O9AeUXgKlbMlHPmx-Q_hSki-NyDQ&oe=695FF9C2&_nc_sid=5e03e0&_nc_cat=105"
"default-contact-refreshed","+91 88280 40106","12/12/2025","","You received a message on your phone, but your version of WhatsApp Web doesn't support it.",""
"default-contact-refreshed","+91 98218 80309","12/11/2025","","You received a message on your phone, but your version of WhatsApp Web doesn't support it.",""
"","+91 98926 35976","12/11/2025","status-dblcheck","You can order food and payment bill","https://media-bom2-4.cdn.whatsapp.net/v/t61.24694-24/604465499_2147894362408840_3104005060935723395_n.jpg?stp=dst-jpg_s96x96_tt6&ccb=11-4&oh=01_Q5Aa3QHE2EAWP2tmwwcSqCYicp9n8bTyElKlFL1BvRL3YthaFg&oe=695FF5DF&_nc_sid=5e03e0&_nc_cat=101"
"default-contact-refreshed","+91 97846 84977","12/11/2025","status-dblcheck","Ok",""
"default-contact-refreshed","+91 91674 10755","12/11/2025","status-dblcheck","Dtdc",""
"","+91 97305 99617","12/11/2025","status-dblcheck","Thank you for your message. We're busy with our bookings right now, but will respond as soon as possible.","https://media-bom1-1.cdn.whatsapp.net/v/t61.24694-24/534415230_1919679682266624_1609423370077564498_n.jpg?stp=dst-jpg_s96x96_tt6&ccb=11-4&oh=01_Q5Aa3QGcrudI5LZ8Te-naBgeehf8NdaDSmK4epYyebPPCGvUag&oe=695FD555&_nc_sid=5e03e0&_nc_cat=101"
"","+91 72086 52585","12/11/2025","","Ohh ok","https://media-bom1-1.cdn.whatsapp.net/v/t61.24694-24/473409622_1140868223828959_7946130272085038138_n.jpg?stp=dst-jpg_s96x96_tt6&ccb=11-4&oh=01_Q5Aa3QGWNdwljLzgjB9PzjZKk4PB2SfDpLDX729_0dHQf8aiqA&oe=695FD529&_nc_sid=5e03e0&_nc_cat=103"
"default-contact-refreshed","+91 98215 83025","12/11/2025","status-dblcheck","UNLIMITED ALCOHOL ON FULL PACKAGE",""
"default-contact-refreshed","+91 70669 96969","12/11/2025","status-dblcheck","Normal stay package",""
"default-contact-refreshed","+91 89761 86628","12/11/2025","status-dblcheck","And above 12 years full charges",""
"","Easebuzz","12/11/2025","","Complete your KYC today and experience best-in-class payments with Easebuzz 
 
100+ payment modes  
Auto reminders 
Instant reconciliation 
Dashboard with payment insights  
24*7 technical support 
PCI-DSS Level 1 compliant 
Plug-and-play APIs 
Quick integration 
 
85,000+ businesses are already using Easebuzz platform. Get started now  
 
Need help? 
 support@easebuzz.in  
 1800-891-8297 (Toll-Free)","https://media-bom1-1.cdn.whatsapp.net/v/t61.24694-24/491885011_1387617288974524_6253547624599210071_n.jpg?stp=dst-jpg_s96x96_tt6&ccb=11-4&oh=01_Q5Aa3QFxy-Z-SgUV_2aYsoXglw0XV6pqoD9_69O7w8QqsXtImA&oe=695FD174&_nc_sid=5e03e0&_nc_cat=108"
"","+91 81088 13806","12/11/2025","","Your business is now using a secure service from Meta to manage this chat. Click to learn more.","https://media-bom5-1.cdn.whatsapp.net/v/t61.24694-24/534416974_1838360753510610_8749868763836951286_n.jpg?stp=dst-jpg_s96x96_tt6&ccb=11-4&oh=01_Q5Aa3QH9nGYUHdfHBvzMMQjiJ_rOgqYJ8EFOcBEwCLi0Tb5uxw&oe=695FE228&_nc_sid=5e03e0&_nc_cat=107"
"","+91 90675 58785","12/10/2025","status-dblcheck","OK","https://media-bom5-2.cdn.whatsapp.net/v/t61.24694-24/463333256_1329959005078882_8840069057880711558_n.jpg?stp=dst-jpg_s96x96_tt6&ccb=11-4&oh=01_Q5Aa3QFOXyrpLlzLhIQPfvP2WijINm2Y9_3PQSA2mCCR1GMU-w&oe=695FD697&_nc_sid=5e03e0&_nc_cat=107"
"","+91 96046 04735","12/11/2025","","Your business is now using a secure service from Meta to manage this chat. Click to learn more.","https://media-bom1-1.cdn.whatsapp.net/v/t61.24694-24/56528927_353188208646054_2217769847201202176_n.jpg?stp=dst-jpg_s96x96_tt6&ccb=11-4&oh=01_Q5Aa3QE5Hcbh876vOojvLvs1CetL-D4PQGiWBQbKWmBYK70Z4A&oe=695FE29E&_nc_sid=5e03e0&_nc_cat=109"
"default-contact-refreshed","+91 70213 59947","12/11/2025","","Your business is now using a secure service from Meta to manage this chat. Click to learn more.",""
"default-contact-refreshed","+91 70459 68921","12/10/2025","","certificate",""
"","+91 98700 23824","12/11/2025","","Your business is now using a secure service from Meta to manage this chat. Click to learn more.","https://media-bom1-1.cdn.whatsapp.net/v/t61.24694-24/429557286_1138254607178116_9113136739988545372_n.jpg?stp=dst-jpg_s96x96_tt6&ccb=11-4&oh=01_Q5Aa3QHmQpNHRMprdNt7pGf0KhrAGpjaP1afmeqwAQARD-0WiQ&oe=695FD863&_nc_sid=5e03e0&_nc_cat=111"
"","+91 98215 31431","12/11/2025","","Your business is now using a secure service from Meta to manage this chat. Click to learn more.","https://media-bom1-1.cdn.whatsapp.net/v/t61.24694-24/592633017_1597541464756573_4963203483764800726_n.jpg?stp=dst-jpg_s96x96_tt6&ccb=11-4&oh=01_Q5Aa3QFr9iWZzo27_ZDjRe8bstJtWItFBBPVolICZMyXCPvyjw&oe=695FE782&_nc_sid=5e03e0&_nc_cat=104"
"default-contact-refreshed","+91 80972 63037","12/10/2025","","Okay",""
"default-contact-refreshed","+91 77758 44558","12/10/2025","status-dblcheck","Mangozzz Magical World
At.Asare wadi Post, Tal, near Swaminarayan Gurukul School, Chowk, 410206, IN",""
"","+91 76780 92081","12/10/2025","","Aadhar Card.pdf • 1 page","https://media-bom1-1.cdn.whatsapp.net/v/t61.24694-24/571371855_1172466805056721_7235260756435371951_n.jpg?stp=dst-jpg_s96x96_tt6&ccb=11-4&oh=01_Q5Aa3QGQU58wd5S2l6HuSutgtuGsfS8Y6ZfkcyPc8Y4NWJni0Q&oe=695FD215&_nc_sid=5e03e0&_nc_cat=106"
"","+91 883 031 6812","12/10/2025","status-dblcheck","Thank you for your message. We're busy with our bookings right now, but will respond as soon as possible.","https://media-bom5-2.cdn.whatsapp.net/v/t61.24694-24/471742382_534813716284745_868497018610837728_n.jpg?stp=dst-jpg_s96x96_tt6&ccb=11-4&oh=01_Q5Aa3QEKvzaoic25v5TgdaDN18u_5avUWS_tMG5ix6CzoIvIVQ&oe=695FE301&_nc_sid=5e03e0&_nc_cat=102"
"","+91 96190 16378","12/10/2025","status-dblcheck","WILL SEND YOU CONFIRMATION MSG","https://media-bom5-2.cdn.whatsapp.net/v/t61.24694-24/534419390_4289380768055003_3977249691706328511_n.jpg?stp=dst-jpg_s96x96_tt6&ccb=11-4&oh=01_Q5Aa3QFpCshu0_kSAcjDcz4ETqQAVwfYKUfmNBin-u35cMhesg&oe=695FFBB5&_nc_sid=5e03e0&_nc_cat=109"
"default-contact-refreshed","+91 98209 26928","12/10/2025","status-dblcheck","Thank you for Booking with Mangozzz Resort. 
       

Name :- Mr Tarvinder

Check in:-   25/12/2025
( 1:00 PM )

Check out:-  26/12/2025
( Before 11.00 AM  )

No of adults:-  04 PAX 

Room:- 
 2 River  view room 

Package:-  6000/-

Meals :- cp
 
Advance Paid:-   2,000/-
Balance to be :-  4000/-

Before check-in or else system will not consider your booking

GUEST GUIDELINES
1) Address ID proof Swimming Costume Compulsory.
2) Service available from 8:00 a.m. to midnight 12:00 a.m. only (last food order at 11p.m.)
3) Complementary Breakfast timing 8:30 a.m. to 10:30 a.m. only after 10:30 a.m.Breakfast Buffet will close 
4) Check out timing before 11 a.m. afterwards automatic per hourly rate of Rs 500 will be charged in the billing system (you are required to pay)
5) Rs 500 deposit necessary

Pets or not allowed 
 
Note-  no cancellation not refundable 

https://maps.app.goo.gl/XJ4zhtx2okkrJKqn6

Thank you for choosing us,
Team Mangozzz Magical World",""
"","+91 99877 23087","12/11/2025","","Your business is now using a secure service from Meta to manage this chat. Click to learn more.","https://media-bom1-1.cdn.whatsapp.net/v/t61.24694-24/550012436_25742352555359391_3976964877326808896_n.jpg?stp=dst-jpg_s96x96_tt6&ccb=11-4&oh=01_Q5Aa3QETNx5_a3JVu_juC7HbvUpJ2gOKF__woKw4IHddsCgEzQ&oe=695FE018&_nc_sid=5e03e0&_nc_cat=110"
"default-contact-refreshed","+91 98707 92372","12/11/2025","","Your business is now using a secure service from Meta to manage this chat. Click to learn more.",""
"","+91 99677 77879","12/11/2025","","Your business is now using a secure service from Meta to manage this chat. Click to learn more.","https://media-bom5-2.cdn.whatsapp.net/v/t61.24694-24/491875279_1963671297700976_5535501402285210147_n.jpg?stp=dst-jpg_s96x96_tt6&ccb=11-4&oh=01_Q5Aa3QHzEqeJPhWX8dlzoxODRWs5Gm3tkiT-LXY1zwydE46e6Q&oe=695FF54A&_nc_sid=5e03e0&_nc_cat=108"
"","+91 89285 72247","12/9/2025","status-dblcheck","Mangos-Restaurant-Menu final (2).pdf • 20 pages","https://media-bom5-1.cdn.whatsapp.net/v/t61.24694-24/473395115_1194242395564033_7225738859891330622_n.jpg?stp=dst-jpg_s96x96_tt6&ccb=11-4&oh=01_Q5Aa3QH9fFUA0l6ym-S5DemL7Iw7wdOwQIKdd_sw7NxToOdF-A&oe=695FDCA2&_nc_sid=5e03e0&_nc_cat=102"
"","+91 86929 30884","12/9/2025","status-dblcheck","Hello Again, 
Watch this quick video to see exactly how our 31st Party venue — so you can decide if it’s the right plan for your New Year’s night. Hurry up, seats are filling fast 
 
https://www.instagram.com/p/DRMQ61EgENi/?igsh=MXh0cWk5MGRlcGVhMg==","https://media-bom5-2.cdn.whatsapp.net/v/t61.24694-24/322249578_714662920320539_4882939796514146436_n.jpg?stp=dst-jpg_s96x96_tt6&ccb=11-4&oh=01_Q5Aa3QEFyl4-xH2uhKivVtrXzxXnIbe5bIDUxnfN9ymlJyB2iA&oe=695FD792&_nc_sid=5e03e0&_nc_cat=105"
"default-contact-refreshed","+91 98676 56428","12/9/2025","status-dblcheck","Hello Again, 
Watch this quick video to see exactly how our 31st Party venue — so you can decide if it’s the right plan for your New Year’s night. Hurry up, seats are filling fast 
 
https://www.instagram.com/p/DRMQ61EgENi/?igsh=MXh0cWk5MGRlcGVhMg==",""
"default-contact-refreshed","+91 98201 76744","12/9/2025","status-dblcheck","Hello Again, 
Watch this quick video to see exactly how our 31st Party venue — so you can decide if it’s the right plan for your New Year’s night. Hurry up, seats are filling fast 
 
https://www.instagram.com/p/DRMQ61EgENi/?igsh=MXh0cWk5MGRlcGVhMg==",""
"default-contact-refreshed","+91 79 7266 5344","12/9/2025","status-dblcheck","Hello Again, 
Watch this quick video to see exactly how our 31st Party venue — so you can decide if it’s the right plan for your New Year’s night. Hurry up, seats are filling fast 
 
https://www.instagram.com/p/DRMQ61EgENi/?igsh=MXh0cWk5MGRlcGVhMg==",""
"default-contact-refreshed","+91 92255 25306","12/9/2025","status-check","Hello Again, 
Watch this quick video to see exactly how our 31st Party venue — so you can decide if it’s the right plan for your New Year’s night. Hurry up, seats are filling fast 
 
https://www.instagram.com/p/DRMQ61EgENi/?igsh=MXh0cWk5MGRlcGVhMg==",""
"default-contact-refreshed","+91 81040 36088","12/9/2025","status-dblcheck","Hello Again, 
Watch this quick video to see exactly how our 31st Party venue — so you can decide if it’s the right plan for your New Year’s night. Hurry up, seats are filling fast 
 
https://www.instagram.com/p/DRMQ61EgENi/?igsh=MXh0cWk5MGRlcGVhMg==",""
"default-contact-refreshed","+91 93265 66979","12/9/2025","status-dblcheck","Hello Again, 
Watch this quick video to see exactly how our 31st Party venue — so you can decide if it’s the right plan for your New Year’s night. Hurry up, seats are filling fast 
 
https://www.instagram.com/p/DRMQ61EgENi/?igsh=MXh0cWk5MGRlcGVhMg==",""
"","+91 99676 61337","12/9/2025","status-dblcheck","Hello Again, 
Watch this quick video to see exactly how our 31st Party venue — so you can decide if it’s the right plan for your New Year’s night. Hurry up, seats are filling fast 
 
https://www.instagram.com/p/DRMQ61EgENi/?igsh=MXh0cWk5MGRlcGVhMg==","https://media-bom1-1.cdn.whatsapp.net/v/t61.24694-24/173936006_201681901470996_7285686101392277184_n.jpg?stp=dst-jpg_s96x96_tt6&ccb=11-4&oh=01_Q5Aa3QHMj3jVKn4SApGUlVQ9t7N_uI1zxrEISh09jLGNojCGhw&oe=695FE5F1&_nc_sid=5e03e0&_nc_cat=108"
"default-contact-refreshed","+91 97022 34353","12/9/2025","status-dblcheck","Hello Again, 
Watch this quick video to see exactly how our 31st Party venue — so you can decide if it’s the right plan for your New Year’s night. Hurry up, seats are filling fast 
 
https://www.instagram.com/p/DRMQ61EgENi/?igsh=MXh0cWk5MGRlcGVhMg==",""
"","+91 90216 21337","12/9/2025","status-dblcheck","Hello Again, 
Watch this quick video to see exactly how our 31st Party venue — so you can decide if it’s the right plan for your New Year’s night. Hurry up, seats are filling fast 
 
https://www.instagram.com/p/DRMQ61EgENi/?igsh=MXh0cWk5MGRlcGVhMg==","https://media-bom2-4.cdn.whatsapp.net/v/t61.24694-24/414296006_1813381229088341_2603082420602073012_n.jpg?stp=dst-jpg_s96x96_tt6&ccb=11-4&oh=01_Q5Aa3QHLiR5JBRKtgERlFnf6i-iLIAnUVbhvTPjDTzYvG1E--Q&oe=695FFD27&_nc_sid=5e03e0&_nc_cat=106"
"default-contact-refreshed","+91 88882 31888","12/9/2025","status-dblcheck","Hello Again, 
Watch this quick video to see exactly how our 31st Party venue — so you can decide if it’s the right plan for your New Year’s night. Hurry up, seats are filling fast 
 
https://www.instagram.com/p/DRMQ61EgENi/?igsh=MXh0cWk5MGRlcGVhMg==",""
"","+91 98196 39895","12/9/2025","status-dblcheck","Hello Again, 
Watch this quick video to see exactly how our 31st Party venue — so you can decide if it’s the right plan for your New Year’s night. Hurry up, seats are filling fast 
 
https://www.instagram.com/p/DRMQ61EgENi/?igsh=MXh0cWk5MGRlcGVhMg==","https://media-bom5-1.cdn.whatsapp.net/v/t61.24694-24/511849624_1257980239699451_1684342864498116958_n.jpg?stp=dst-jpg_s96x96_tt6&ccb=11-4&oh=01_Q5Aa3QH23Fim7NBH1Uo90WK_JYLXLjWDvKFXeTcFEo88_vp53w&oe=695FD704&_nc_sid=5e03e0&_nc_cat=109"
"default-contact-refreshed","+91 70309 44041","12/9/2025","status-check","Hello Again, 
Watch this quick video to see exactly how our 31st Party venue — so you can decide if it’s the right plan for your New Year’s night. Hurry up, seats are filling fast 
 
https://www.instagram.com/p/DRMQ61EgENi/?igsh=MXh0cWk5MGRlcGVhMg==",""
"default-contact-refreshed","+91 98921 80661","12/9/2025","status-dblcheck","Hello Again, 
Watch this quick video to see exactly how our 31st Party venue — so you can decide if it’s the right plan for your New Year’s night. Hurry up, seats are filling fast 
 
https://www.instagram.com/p/DRMQ61EgENi/?igsh=MXh0cWk5MGRlcGVhMg==",""
"default-contact-refreshed","+91 97698 86861","12/9/2025","status-dblcheck","Hello Again, 
Watch this quick video to see exactly how our 31st Party venue — so you can decide if it’s the right plan for your New Year’s night. Hurry up, seats are filling fast 
 
https://www.instagram.com/p/DRMQ61EgENi/?igsh=MXh0cWk5MGRlcGVhMg==",""
"","+91 816 925 8231","12/9/2025","status-dblcheck","Hello Again, 
Watch this quick video to see exactly how our 31st Party venue — so you can decide if it’s the right plan for your New Year’s night. Hurry up, seats are filling fast 
 
https://www.instagram.com/p/DRMQ61EgENi/?igsh=MXh0cWk5MGRlcGVhMg==","https://media-bom5-2.cdn.whatsapp.net/v/t61.24694-24/445756509_825625752474806_6121378172076465142_n.jpg?stp=dst-jpg_s96x96_tt6&ccb=11-4&oh=01_Q5Aa3QGjtF5aSz_DN4qVjE8Hb1jxOFlmdBtrklvvx2768muY6A&oe=695FE770&_nc_sid=5e03e0&_nc_cat=105"
"default-contact-refreshed","+91 98203 64528","12/9/2025","status-dblcheck","Hello Again, 
Watch this quick video to see exactly how our 31st Party venue — so you can decide if it’s the right plan for your New Year’s night. Hurry up, seats are filling fast 
 
https://www.instagram.com/p/DRMQ61EgENi/?igsh=MXh0cWk5MGRlcGVhMg==",""
"","+91 96191 40200","12/9/2025","status-dblcheck","Hello Again, 
Watch this quick video to see exactly how our 31st Party venue — so you can decide if it’s the right plan for your New Year’s night. Hurry up, seats are filling fast 
 
https://www.instagram.com/p/DRMQ61EgENi/?igsh=MXh0cWk5MGRlcGVhMg==","https://media-bom5-2.cdn.whatsapp.net/v/t61.24694-24/491868198_1341068861159661_2237122715673447848_n.jpg?stp=dst-jpg_s96x96_tt6&ccb=11-4&oh=01_Q5Aa3QFfNyLmxZeXT4Q45UvbFABA0g23MPSSLqP3sn-w5zHSEg&oe=695FF9F4&_nc_sid=5e03e0&_nc_cat=107"
"","+91 70215 61799","12/9/2025","status-dblcheck","Hello Again, 
Watch this quick video to see exactly how our 31st Party venue — so you can decide if it’s the right plan for your New Year’s night. Hurry up, seats are filling fast 
 
https://www.instagram.com/p/DRMQ61EgENi/?igsh=MXh0cWk5MGRlcGVhMg==","https://media-bom5-1.cdn.whatsapp.net/v/t61.24694-24/312297773_2060055767520653_8493796551665670851_n.jpg?stp=dst-jpg_s96x96_tt6&ccb=11-4&oh=01_Q5Aa3QEcno3qWfzfu17qnU9HaLV4AFry66zK7u-2hiz_YzlOrw&oe=695FEE6F&_nc_sid=5e03e0&_nc_cat=108"
"default-contact-refreshed","+91 96536 47625","12/9/2025","status-dblcheck","Hello Again, 
Watch this quick video to see exactly how our 31st Party venue — so you can decide if it’s the right plan for your New Year’s night. Hurry up, seats are filling fast 
 
https://www.instagram.com/p/DRMQ61EgENi/?igsh=MXh0cWk5MGRlcGVhMg==",""
"default-contact-refreshed","+91 99208 88811","12/9/2025","status-dblcheck","Hello Again, 
Watch this quick video to see exactly how our 31st Party venue — so you can decide if it’s the right plan for your New Year’s night. Hurry up, seats are filling fast 
 
https://www.instagram.com/p/DRMQ61EgENi/?igsh=MXh0cWk5MGRlcGVhMg==",""
"default-contact-refreshed","+91 96570 20087","12/9/2025","status-check","Hello Again, 
Watch this quick video to see exactly how our 31st Party venue — so you can decide if it’s the right plan for your New Year’s night. Hurry up, seats are filling fast 
 
https://www.instagram.com/p/DRMQ61EgENi/?igsh=MXh0cWk5MGRlcGVhMg==",""
"default-contact-refreshed","+91 91675 81365","Yesterday","status-dblcheck","Only left are 1 Garden room and 1 Pool View",""